target,target_column,model,rows_before_filter,rows_used,train_rows,test_rows,r2,rmse,mae,error_rate_pct
Dissolved Oxygen,Dissolved oxygen (DO)_value,Random Forest,5656,5628,4502,1126,0.3687763909129409,2.2416175917371057,1.6488579275273831,20.913469400290385
Dissolved Oxygen,Dissolved oxygen (DO)_value,Linear Regression,5656,5628,4502,1126,0.17079313705253962,2.569220349199202,1.924614192055852,23.81561082594996
Nitrate,Nitrate_value,Random Forest,2535,2529,2023,506,0.31120896014822996,4.80782741585962,2.5451077466683705,107.49759512034001
Nitrate,Nitrate_value,Linear Regression,2535,2529,2023,506,0.07877852283143338,5.560158249787975,3.2491608938555556,117.13699810383869
Water Temperature,"Temperature, water_value",Random Forest,5676,5676,4540,1136,0.8838761832567847,2.7090716331073965,2.0254905514607207,22.26685772703305
Water Temperature,"Temperature, water_value",Linear Regression,5676,5676,4540,1136,0.7701803205463104,3.8111272104157763,3.0109071109267487,31.996375408081732
pH,pH_value,Random Forest,5761,5758,4606,1152,0.23519175493468436,0.6334975344636191,0.45542091478127783,5.9135055533294825
pH,pH_value,Linear Regression,5761,5758,4606,1152,0.08301258562700375,0.693665884633444,0.5127742226898653,6.644996935427626
